PC1,PC2,ID
0.24213101639194012,-0.9468299799968927,1
-1.257496773578044,0.5201580161017988,2
1.9231559356163968,1.1065740781766573,3
-2.0693836156038685,0.14082140879888927,4
1.1615934371735748,-0.8207235230804522,5
